Año,Mes,Objetivo,Real,Cumplimiento_Ventas
2025,Abril,67.0,60.0,89.55223880597015
2025,Agosto,96.0,54.0,56.25
2025,Diciembre,103.0,68.0,66.01941747572816
2025,Enero,64.0,52.0,81.25
2025,Febrero,66.0,40.0,60.60606060606061
2025,Julio,91.0,72.0,79.12087912087912
2025,Junio,89.0,80.0,89.8876404494382
2025,Marzo,62.0,60.0,96.7741935483871
2025,Mayo,85.0,69.0,81.17647058823529
2025,Noviembre,98.0,85.0,86.73469387755102
2025,Octubre,92.0,80.0,86.95652173913044
2025,Septiembre,92.0,76.0,82.6086956521739
2026,Abril,90.0,82.0,91.11111111111111
2026,Enero,100.0,76.0,76.0
2026,Febrero,88.0,62.0,70.45454545454545
2026,Junio,90.0,74.0,82.22222222222221
2026,Marzo,82.0,84.0,102.4390243902439
2026,Mayo,90.0,70.0,77.77777777777779
