Año,Mes,Ventas_Asesores
2024,Abril,8.0
2024,Agosto,12.530000000000001
2024,Diciembre,32.0
2024,Febrero,7.53
2024,Julio,8.06
2024,Junio,6.0
2024,Marzo,7.0
2024,Mayo,8.530000000000001
2024,Noviembre,22.0
2024,Octubre,23.0
2024,Septiembre,17.0
2025,Abril,17.060000000000002
2025,Agosto,27.0
2025,Diciembre,29.53
2025,Enero,16.06
2025,Febrero,20.0
2025,Julio,20.59
2025,Junio,16.65
2025,Marzo,12.59
2025,Mayo,15.59
2025,Noviembre,24.12
2025,Octubre,33.53
2025,Septiembre,29.060000000000002
2026,Abril,22.59
2026,Enero,17.59
2026,Febrero,25.06
2026,Julio,10.0
2026,Junio,28.53
2026,Marzo,25.060000000000002
2026,Mayo,15.120000000000001
